<?xml version="1.0"?>
<font>
  <info face="Commodore 64" size="16" bold="0" italic="0" charset="" unicode="1" stretchH="100" smooth="0" aa="1" padding="0,0,0,0" spacing="1,1" outline="0"/>
  <common lineHeight="16" base="14" scaleW="1024" scaleH="256" pages="1" packed="0" alphaChnl="0" redChnl="0" greenChnl="0" blueChnl="0"/>
  <pages>
    <page id="0" file="64_0.png" />
  </pages>
  <chars count="96">
    <char id="32" x="1020" y="0" width="3" height="16" xoffset="-1" yoffset="0" xadvance="16" page="0" chnl="15" />
    <char id="33" x="139" y="17" width="4" height="16" xoffset="6" yoffset="0" xadvance="16" page="0" chnl="15" />
    <char id="34" x="214" y="0" width="12" height="16" xoffset="2" yoffset="0" xadvance="16" page="0" chnl="15" />
    <char id="35" x="17" y="0" width="16" height="16" xoffset="0" yoffset="0" xadvance="16" page="0" chnl="15" />
    <char id="36" x="227" y="0" width="12" height="16" xoffset="2" yoffset="0" xadvance="16" page="0" chnl="15" />
    <char id="37" x="240" y="0" width="12" height="16" xoffset="2" yoffset="0" xadvance="16" page="0" chnl="15" />
    <char id="38" x="128" y="0" width="14" height="16" xoffset="2" yoffset="0" xadvance="16" page="0" chnl="15" />
    <char id="39" x="35" y="17" width="8" height="16" xoffset="6" yoffset="0" xadvance="16" page="0" chnl="15" />
    <char id="40" x="44" y="17" width="8" height="16" xoffset="4" yoffset="0" xadvance="16" page="0" chnl="15" />
    <char id="41" x="53" y="17" width="8" height="16" xoffset="4" yoffset="0" xadvance="16" page="0" chnl="15" />
    <char id="42" x="51" y="0" width="16" height="16" xoffset="0" yoffset="0" xadvance="16" page="0" chnl="15" />
    <char id="43" x="292" y="0" width="12" height="16" xoffset="2" yoffset="0" xadvance="16" page="0" chnl="15" />
    <char id="44" x="132" y="17" width="6" height="16" xoffset="4" yoffset="0" xadvance="16" page="0" chnl="15" />
    <char id="45" x="318" y="0" width="12" height="16" xoffset="2" yoffset="0" xadvance="16" page="0" chnl="15" />
    <char id="46" x="149" y="17" width="4" height="16" xoffset="6" yoffset="0" xadvance="16" page="0" chnl="15" />
    <char id="47" x="98" y="0" width="14" height="16" xoffset="2" yoffset="0" xadvance="16" page="0" chnl="15" />
    <char id="48" x="331" y="0" width="12" height="16" xoffset="2" yoffset="0" xadvance="16" page="0" chnl="15" />
    <char id="49" x="344" y="0" width="12" height="16" xoffset="2" yoffset="0" xadvance="16" page="0" chnl="15" />
    <char id="50" x="357" y="0" width="12" height="16" xoffset="2" yoffset="0" xadvance="16" page="0" chnl="15" />
    <char id="51" x="370" y="0" width="12" height="16" xoffset="2" yoffset="0" xadvance="16" page="0" chnl="15" />
    <char id="52" x="173" y="0" width="14" height="16" xoffset="2" yoffset="0" xadvance="16" page="0" chnl="15" />
    <char id="53" x="383" y="0" width="12" height="16" xoffset="2" yoffset="0" xadvance="16" page="0" chnl="15" />
    <char id="54" x="396" y="0" width="12" height="16" xoffset="2" yoffset="0" xadvance="16" page="0" chnl="15" />
    <char id="55" x="409" y="0" width="12" height="16" xoffset="2" yoffset="0" xadvance="16" page="0" chnl="15" />
    <char id="56" x="188" y="0" width="12" height="16" xoffset="2" yoffset="0" xadvance="16" page="0" chnl="15" />
    <char id="57" x="422" y="0" width="12" height="16" xoffset="2" yoffset="0" xadvance="16" page="0" chnl="15" />
    <char id="58" x="144" y="17" width="4" height="16" xoffset="6" yoffset="0" xadvance="16" page="0" chnl="15" />
    <char id="59" x="125" y="17" width="6" height="16" xoffset="4" yoffset="0" xadvance="16" page="0" chnl="15" />
    <char id="60" x="435" y="0" width="12" height="16" xoffset="2" yoffset="0" xadvance="16" page="0" chnl="15" />
    <char id="61" x="448" y="0" width="12" height="16" xoffset="2" yoffset="0" xadvance="16" page="0" chnl="15" />
    <char id="62" x="461" y="0" width="12" height="16" xoffset="2" yoffset="0" xadvance="16" page="0" chnl="15" />
    <char id="63" x="474" y="0" width="12" height="16" xoffset="2" yoffset="0" xadvance="16" page="0" chnl="15" />
    <char id="64" x="487" y="0" width="12" height="16" xoffset="2" yoffset="0" xadvance="16" page="0" chnl="15" />
    <char id="65" x="500" y="0" width="12" height="16" xoffset="2" yoffset="0" xadvance="16" page="0" chnl="15" />
    <char id="66" x="513" y="0" width="12" height="16" xoffset="2" yoffset="0" xadvance="16" page="0" chnl="15" />
    <char id="67" x="526" y="0" width="12" height="16" xoffset="2" yoffset="0" xadvance="16" page="0" chnl="15" />
    <char id="68" x="305" y="0" width="12" height="16" xoffset="2" yoffset="0" xadvance="16" page="0" chnl="15" />
    <char id="69" x="539" y="0" width="12" height="16" xoffset="2" yoffset="0" xadvance="16" page="0" chnl="15" />
    <char id="70" x="552" y="0" width="12" height="16" xoffset="2" yoffset="0" xadvance="16" page="0" chnl="15" />
    <char id="71" x="565" y="0" width="12" height="16" xoffset="2" yoffset="0" xadvance="16" page="0" chnl="15" />
    <char id="72" x="578" y="0" width="12" height="16" xoffset="2" yoffset="0" xadvance="16" page="0" chnl="15" />
    <char id="73" x="89" y="17" width="8" height="16" xoffset="4" yoffset="0" xadvance="16" page="0" chnl="15" />
    <char id="74" x="591" y="0" width="12" height="16" xoffset="2" yoffset="0" xadvance="16" page="0" chnl="15" />
    <char id="75" x="604" y="0" width="12" height="16" xoffset="2" yoffset="0" xadvance="16" page="0" chnl="15" />
    <char id="76" x="617" y="0" width="12" height="16" xoffset="2" yoffset="0" xadvance="16" page="0" chnl="15" />
    <char id="77" x="113" y="0" width="14" height="16" xoffset="2" yoffset="0" xadvance="16" page="0" chnl="15" />
    <char id="78" x="630" y="0" width="12" height="16" xoffset="2" yoffset="0" xadvance="16" page="0" chnl="15" />
    <char id="79" x="643" y="0" width="12" height="16" xoffset="2" yoffset="0" xadvance="16" page="0" chnl="15" />
    <char id="80" x="786" y="0" width="12" height="16" xoffset="2" yoffset="0" xadvance="16" page="0" chnl="15" />
    <char id="81" x="669" y="0" width="12" height="16" xoffset="2" yoffset="0" xadvance="16" page="0" chnl="15" />
    <char id="82" x="682" y="0" width="12" height="16" xoffset="2" yoffset="0" xadvance="16" page="0" chnl="15" />
    <char id="83" x="695" y="0" width="12" height="16" xoffset="2" yoffset="0" xadvance="16" page="0" chnl="15" />
    <char id="84" x="708" y="0" width="12" height="16" xoffset="2" yoffset="0" xadvance="16" page="0" chnl="15" />
    <char id="85" x="721" y="0" width="12" height="16" xoffset="2" yoffset="0" xadvance="16" page="0" chnl="15" />
    <char id="86" x="734" y="0" width="12" height="16" xoffset="2" yoffset="0" xadvance="16" page="0" chnl="15" />
    <char id="87" x="68" y="0" width="14" height="16" xoffset="2" yoffset="0" xadvance="16" page="0" chnl="15" />
    <char id="88" x="747" y="0" width="12" height="16" xoffset="2" yoffset="0" xadvance="16" page="0" chnl="15" />
    <char id="89" x="760" y="0" width="12" height="16" xoffset="2" yoffset="0" xadvance="16" page="0" chnl="15" />
    <char id="90" x="773" y="0" width="12" height="16" xoffset="2" yoffset="0" xadvance="16" page="0" chnl="15" />
    <char id="91" x="116" y="17" width="8" height="16" xoffset="4" yoffset="0" xadvance="16" page="0" chnl="15" />
    <char id="92" x="158" y="0" width="14" height="16" xoffset="2" yoffset="0" xadvance="16" page="0" chnl="15" />
    <char id="93" x="107" y="17" width="8" height="16" xoffset="4" yoffset="0" xadvance="16" page="0" chnl="15" />
    <char id="94" x="799" y="0" width="12" height="16" xoffset="2" yoffset="0" xadvance="16" page="0" chnl="15" />
    <char id="95" x="0" y="0" width="16" height="16" xoffset="0" yoffset="0" xadvance="16" page="0" chnl="15" />
    <char id="96" x="62" y="17" width="8" height="16" xoffset="6" yoffset="0" xadvance="16" page="0" chnl="15" />
    <char id="97" x="812" y="0" width="12" height="16" xoffset="2" yoffset="0" xadvance="16" page="0" chnl="15" />
    <char id="98" x="825" y="0" width="12" height="16" xoffset="2" yoffset="0" xadvance="16" page="0" chnl="15" />
    <char id="99" x="24" y="17" width="10" height="16" xoffset="2" yoffset="0" xadvance="16" page="0" chnl="15" />
    <char id="100" x="838" y="0" width="12" height="16" xoffset="2" yoffset="0" xadvance="16" page="0" chnl="15" />
    <char id="101" x="851" y="0" width="12" height="16" xoffset="2" yoffset="0" xadvance="16" page="0" chnl="15" />
    <char id="102" x="13" y="17" width="10" height="16" xoffset="4" yoffset="0" xadvance="16" page="0" chnl="15" />
    <char id="103" x="656" y="0" width="12" height="16" xoffset="2" yoffset="0" xadvance="16" page="0" chnl="15" />
    <char id="104" x="864" y="0" width="12" height="16" xoffset="2" yoffset="0" xadvance="16" page="0" chnl="15" />
    <char id="105" x="71" y="17" width="8" height="16" xoffset="4" yoffset="0" xadvance="16" page="0" chnl="15" />
    <char id="106" x="80" y="17" width="8" height="16" xoffset="4" yoffset="0" xadvance="16" page="0" chnl="15" />
    <char id="107" x="877" y="0" width="12" height="16" xoffset="2" yoffset="0" xadvance="16" page="0" chnl="15" />
    <char id="108" x="98" y="17" width="8" height="16" xoffset="4" yoffset="0" xadvance="16" page="0" chnl="15" />
    <char id="109" x="143" y="0" width="14" height="16" xoffset="2" yoffset="0" xadvance="16" page="0" chnl="15" />
    <char id="110" x="890" y="0" width="12" height="16" xoffset="2" yoffset="0" xadvance="16" page="0" chnl="15" />
    <char id="111" x="903" y="0" width="12" height="16" xoffset="2" yoffset="0" xadvance="16" page="0" chnl="15" />
    <char id="112" x="916" y="0" width="12" height="16" xoffset="2" yoffset="0" xadvance="16" page="0" chnl="15" />
    <char id="113" x="929" y="0" width="12" height="16" xoffset="2" yoffset="0" xadvance="16" page="0" chnl="15" />
    <char id="114" x="942" y="0" width="12" height="16" xoffset="2" yoffset="0" xadvance="16" page="0" chnl="15" />
    <char id="115" x="279" y="0" width="12" height="16" xoffset="2" yoffset="0" xadvance="16" page="0" chnl="15" />
    <char id="116" x="955" y="0" width="12" height="16" xoffset="2" yoffset="0" xadvance="16" page="0" chnl="15" />
    <char id="117" x="968" y="0" width="12" height="16" xoffset="2" yoffset="0" xadvance="16" page="0" chnl="15" />
    <char id="118" x="981" y="0" width="12" height="16" xoffset="2" yoffset="0" xadvance="16" page="0" chnl="15" />
    <char id="119" x="83" y="0" width="14" height="16" xoffset="2" yoffset="0" xadvance="16" page="0" chnl="15" />
    <char id="120" x="994" y="0" width="12" height="16" xoffset="2" yoffset="0" xadvance="16" page="0" chnl="15" />
    <char id="121" x="1007" y="0" width="12" height="16" xoffset="2" yoffset="0" xadvance="16" page="0" chnl="15" />
    <char id="122" x="0" y="17" width="12" height="16" xoffset="2" yoffset="0" xadvance="16" page="0" chnl="15" />
    <char id="123" x="201" y="0" width="12" height="16" xoffset="2" yoffset="0" xadvance="16" page="0" chnl="15" />
    <char id="124" x="154" y="17" width="4" height="16" xoffset="6" yoffset="0" xadvance="16" page="0" chnl="15" />
    <char id="125" x="253" y="0" width="12" height="16" xoffset="2" yoffset="0" xadvance="16" page="0" chnl="15" />
    <char id="126" x="266" y="0" width="12" height="16" xoffset="2" yoffset="0" xadvance="16" page="0" chnl="15" />
    <char id="127" x="34" y="0" width="16" height="16" xoffset="0" yoffset="0" xadvance="16" page="0" chnl="15" />
  </chars>
</font>
